-- seed.sql — GERADO por seed.gen.mjs a partir de data.jsx. Não editar à mão.
-- Rodar após 0001_init.sql.

insert into empresas (id, nome, setor, sobre, sobre_longo, fundada, funcionarios, site, endereco, verificada, responde, tempo_resposta, destaques, video_youtube) values
  ('00000000-0000-0000-0000-e10000000001', 'Grupo Amigão', 'Varejo / Supermercados', 'Rede de supermercados com forte presença no Norte do Paraná.', 'Uma das maiores redes de supermercados do Norte do Paraná, o Grupo Amigão emprega milhares de pessoas e investe na formação de jovens para o varejo regional.', 1979, '3.000+', 'grupoamigao.com.br', 'Maringá e região, PR', true, true, '2 dias', ARRAY['Mais de 40 anos de história','Programa Jovem Aprendiz','Plano de carreira no varejo']::text[], 'l87XMwb4KM8'),
  ('00000000-0000-0000-0000-e10000000002', 'Apitec Engenharia', 'Indústria / Engenharia', 'Soluções em automação e montagem elétrica industrial.', 'Especialista em automação e montagem elétrica industrial, a Apitec entrega projetos de engenharia para indústrias de todo o Sul do Brasil, com um time técnico de alto nível.', 2005, '120', 'apitec.com.br', 'Maringá, PR', true, true, '4 dias', ARRAY['Projetos de automação industrial','Ambiente técnico de ponta','Eleita ótimo lugar para trabalhar']::text[], 'l87XMwb4KM8'),
  ('00000000-0000-0000-0000-e10000000003', 'Sabin Diagnóstica', 'Saúde', 'Medicina diagnóstica de referência nacional.', 'Referência nacional em medicina diagnóstica, o Sabin é reconhecido pela cultura de pessoas e por programas estruturados de desenvolvimento de lideranças.', 1984, '7.000+', 'sabin.com.br', 'Maringá, PR', true, true, '1 dia', ARRAY['Top 10 melhores empresas para trabalhar','Formação de líderes','Saúde e bem-estar']::text[], 'l87XMwb4KM8'),
  ('00000000-0000-0000-0000-e10000000004', 'Ired Telecom', 'Tecnologia / Telecom', 'Provedora de tecnologia e telecom para empresas.', 'Provedora de tecnologia e telecom corporativa, a Ired conecta negócios da região com infraestrutura própria de fibra e times de engenharia e suporte.', 2012, '80', 'iredtelecom.com.br', 'Maringá, PR', true, false, '—', ARRAY['Infraestrutura própria de fibra','Engenharia e suporte locais','Crescimento acelerado']::text[], 'l87XMwb4KM8'),
  ('00000000-0000-0000-0000-e10000000005', 'Dengo Cafeteria', 'Gastronomia', 'Cafeteria e chocolateria artesanal.', 'Cafeteria e chocolateria artesanal que valoriza origem, afeto e o trabalho de quem faz o dia a dia acontecer no balcão e na cozinha.', 2017, '45', 'dengocafe.com.br', 'Maringá, PR', false, true, '3 dias', ARRAY['Produção artesanal','Abertura a 1º emprego','Ambiente acolhedor']::text[], 'l87XMwb4KM8'),
  ('00000000-0000-0000-0000-e10000000006', 'Unimed Maringá', 'Saúde', 'Cooperativa de trabalho médico.', 'Cooperativa de trabalho médico, a Unimed Maringá cuida de pessoas — e investe igualmente no bem-estar de quem cuida, com benefícios e planos de carreira.', 1971, '2.500+', 'unimedmaringa.com.br', 'Maringá, PR', true, true, '2 dias', ARRAY['Maior operadora de saúde da região','Benefícios de saúde mental','Plano de carreira em saúde']::text[], 'l87XMwb4KM8'),
  ('00000000-0000-0000-0000-e10000000007', 'Solis Energia', 'Energia renovável', 'Projetos e instalação de sistemas fotovoltaicos no Norte do Paraná.', 'Projetos e instalação de sistemas fotovoltaicos no Norte do Paraná, com treinamento próprio para formar novos profissionais do setor de energia solar em expansão.', 2016, '70', 'solisenergia.com.br', 'Maringá, PR', true, true, '2 dias', ARRAY['Setor em forte expansão','Treinamento certificado','Carreira em energia renovável']::text[], 'l87XMwb4KM8');

insert into pacotes (nome, preco, periodo, vagas_limite, recursos, destaque) values
  ('Atrair', 149, '/mês', 3, ARRAY['3 vagas publicadas por mês','Publicação por 30 dias','Painel básico de candidatos','Índice de compatibilidade IA','Logo no perfil da empresa','Suporte por e-mail']::text[], false),
  ('Conectar', 389, '/mês', 12, ARRAY['12 vagas publicadas por mês','Tudo do plano Atrair','Vagas em destaque (até 4 simultâneas)','Filtro de Resposta Ativa','Radar de talentos · 5 convites/mês','Página institucional completa','Publicação editorial · 1/trimestre','Relatórios de desempenho','Suporte prioritário','Selo Empresa Verificada']::text[], true),
  ('CrescerPro', null, 'sob consulta', null, ARRAY['Vagas ilimitadas','Tudo do plano Conectar','Vaga Amplificada (multi-canal)','Score de intencionalidade','Radar de talentos ilimitado','Campanha editorial MaringáPost','Gerente de conta dedicado','Integração com ATS','API de vagas']::text[], false);

insert into vagas (empresa_id, titulo, area, cidade, modalidade, tipos, salario_min, salario_max, experiencia, descricao, requisitos, beneficios, filtro_pergunta, filtro_formato, destaque, status, prazo) values
  ('00000000-0000-0000-0000-e10000000002', 'Analista de Dados Júnior', 'Tecnologia / TI', 'Maringá', 'remoto', ARRAY['clt','home']::text[], 3500, 4800, 'Com experiência', 'Você vai estruturar dashboards, manter pipelines de dados e apoiar decisões de negócio com análises claras.', ARRAY['Excel avançado e SQL','Power BI ou Looker','Lógica e curiosidade analítica','Desejável Python']::text[], ARRAY['Vale-refeição','Plano de saúde','Home office híbrido','Day off de aniversário']::text[], 'Em 30 segundos: qual análise de dados que você fez gerou mais impacto — e por quê?', 'audio', true, 'aberta', '2026-06-17'),
  ('00000000-0000-0000-0000-e10000000001', 'Vendedor(a) Externo', 'Comercial / Vendas', 'Sarandi', 'presencial', ARRAY['clt']::text[], 2200, 3800, 'Com experiência', 'Atendimento e prospecção de clientes na região metropolitana de Maringá, com carteira ativa.', ARRAY['CNH categoria B','Experiência com vendas externas','Boa comunicação']::text[], ARRAY['Comissão agressiva','Combustível','Vale-refeição']::text[], null, null, true, 'aberta', '2026-06-10'),
  ('00000000-0000-0000-0000-e10000000006', 'Técnico(a) de Enfermagem', 'Saúde', 'Maringá', 'presencial', ARRAY['clt']::text[], 2600, 3100, 'Com experiência', 'Assistência de enfermagem em unidade hospitalar, escala 12x36.', ARRAY['COREN ativo','Experiência hospitalar','Disponibilidade para escala 12x36']::text[], ARRAY['Plano de saúde','Vale-transporte','Refeição no local']::text[], null, null, false, 'aberta', '2026-06-25'),
  ('00000000-0000-0000-0000-e10000000005', 'Estágio em Marketing', 'Marketing', 'Maringá', 'hibrido', ARRAY['estagio','primeiro']::text[], 1200, 1500, 'Sem experiência', 'Apoio às campanhas, redes sociais e produção de conteúdo da marca.', ARRAY['Cursando Marketing, Publicidade ou afins','Familiaridade com redes sociais','Boa escrita']::text[], ARRAY['Bolsa-auxílio','Vale-transporte','Ambiente jovem']::text[], null, null, false, 'aberta', '2026-06-13'),
  ('00000000-0000-0000-0000-e10000000001', 'Assistente de Logística', 'Logística', 'Paiçandu', 'presencial', ARRAY['clt']::text[], 1900, 2400, 'Com experiência', 'Controle de estoque, conferência de carga e apoio ao centro de distribuição.', ARRAY['Ensino médio completo','Experiência com estoque','Pacote Office básico']::text[], ARRAY['Vale-refeição','Vale-transporte','Plano odontológico']::text[], null, null, false, 'aberta', '2026-06-30'),
  ('00000000-0000-0000-0000-e10000000004', 'Desenvolvedor(a) Full-Stack', 'Tecnologia / TI', 'Maringá', 'remoto', ARRAY['pj','home']::text[], 6000, 9000, 'Com experiência', 'Construção de produtos web do front ao back, em time enxuto e ágil.', ARRAY['React e Node','Banco de dados relacional','Git e CI/CD','Inglês técnico']::text[], ARRAY['100% remoto','Horário flexível','Budget de estudos']::text[], 'Conte, em 30 segundos, um produto que você construiu do zero — e o que faria diferente hoje.', 'video', true, 'aberta', '2026-06-18'),
  ('00000000-0000-0000-0000-e10000000005', 'Auxiliar de Cozinha', 'Gastronomia', 'Maringá', 'presencial', ARRAY['clt','primeiro']::text[], 1600, 1900, 'Sem experiência', 'Apoio no preparo, organização e higienização da cozinha.', ARRAY['Vontade de aprender','Disponibilidade de horário','Trabalho em equipe']::text[], ARRAY['Refeição no local','Vale-transporte']::text[], null, null, false, 'aberta', '2026-06-22'),
  ('00000000-0000-0000-0000-e10000000003', 'Analista de RH', 'Recursos Humanos', 'Marialva', 'hibrido', ARRAY['clt']::text[], 3200, 4200, 'Com experiência', 'Recrutamento, seleção e rotinas de departamento pessoal.', ARRAY['Formação em RH, Psicologia ou Adm','Experiência com R&S','eSocial desejável']::text[], ARRAY['Plano de saúde','Gympass','Home office 2x/semana']::text[], null, null, false, 'aberta', '2026-07-01'),
  ('00000000-0000-0000-0000-e10000000007', 'Engenheiro(a) de Projetos Fotovoltaicos', 'Indústria / Produção', 'Maringá', 'presencial', ARRAY['clt']::text[], 7500, 10500, 'Com experiência', 'Dimensionamento e homologação de usinas solares residenciais e comerciais em toda a região.', ARRAY['Engenharia Elétrica com CREA ativo','Experiência com projetos fotovoltaicos','Domínio de AutoCAD e PVsyst','CNH B']::text[], ARRAY['Plano de saúde','Carro da empresa','Participação nos lucros']::text[], null, null, true, 'aberta', '2026-06-15'),
  ('00000000-0000-0000-0000-e10000000007', 'Técnico(a) Instalador(a) Fotovoltaico', 'Indústria / Produção', 'Mandaguari', 'presencial', ARRAY['clt','primeiro']::text[], 2800, 3600, 'Sem experiência', 'Instalação e manutenção de sistemas solares, com treinamento completo pela empresa.', ARRAY['Curso técnico em eletrotécnica ou afins','NR-10 e NR-35 (ou disposição para tirar)','Disponibilidade para viagens curtas']::text[], ARRAY['Treinamento certificado','Vale-refeição','Adicional de periculosidade']::text[], null, null, false, 'aberta', '2026-06-28');

insert into publicacoes (empresa_id, chapeu, titulo, lead, categoria, corpo, img_url, keywords, status, motivo, publicado_em) values
  (null, 'Mercado de trabalho', 'Energia solar cresce 40% em Maringá e região — e faltam profissionais', 'Expansão das usinas fotovoltaicas no Norte do Paraná abre disputa por engenheiros, técnicos e instaladores. Empresas oferecem treinamento para quem vem de outras áreas.', 'Reportagem', ARRAY['O Norte do Paraná vive uma corrida pela energia solar. Levantamento obtido pelo MaringáPost mostra que a potência instalada em sistemas fotovoltaicos na região metropolitana de Maringá cresceu 40% nos últimos doze meses — o dobro da média estadual.','O movimento é puxado por residências e pequenos comércios, mas ganhou escala com usinas de médio porte no Distrito Industrial e em municípios vizinhos. Com a expansão, integradoras locais relatam o mesmo gargalo: gente qualificada.','“Hoje a limitação não é demanda, é equipe. Para cada engenheiro que contratamos, ficam duas vagas abertas”, resume o diretor de uma integradora ouvida pela reportagem. Os salários refletem a disputa: projetos fotovoltaicos pagam até R$ 10,5 mil para engenheiros e técnicos instaladores começam na faixa de R$ 2,8 mil — com treinamento pago pela empresa.','Para quem vem de outras áreas da eletrotécnica, a transição é rápida: certificações NR-10 e NR-35, somadas a um curso de instalação fotovoltaica, abrem as portas do setor em poucos meses. Sindicatos e o Senai regional já ampliaram turmas para 2026.','A expectativa do setor é que a região dobre a capacidade instalada até 2028, sustentando um ciclo longo de contratações — e consolidando Maringá como polo de energia renovável do interior do Paraná.']::text[], 'images/energia-solar.webp', ARRAY['fotovolta','solar','energia']::text[], 'aprovada', null, '2026-06-10'),
  ('00000000-0000-0000-0000-e10000000003', 'Employer branding', 'Dentro da Sabin: como a saúde diagnóstica forma novos líderes em Maringá', 'A empresa abriu as portas para mostrar seu programa de desenvolvimento interno e os planos de carreira que retêm talentos na região.', 'Employer branding', '{}', 'images/sabin.png', ARRAY['saúde','enfermagem','rh']::text[], 'aprovada', null, '2026-06-07'),
  ('00000000-0000-0000-0000-e10000000006', 'Cultura', 'Unimed Maringá amplia benefícios de saúde mental para colaboradores', 'Programa inclui sessões de terapia, licenças dedicadas e rodas de conversa sobre bem-estar no trabalho.', 'Cultura', '{}', 'images/unimed.jpeg', ARRAY['saúde','enfermagem']::text[], 'aprovada', null, '2026-06-05'),
  (null, 'Mercado de trabalho', 'Norte do Paraná lidera abertura de vagas em tecnologia no 1º semestre', 'Levantamento da redação aponta crescimento de 18% nas contratações de TI na região metropolitana de Maringá.', 'Reportagem', '{}', 'images/mercado-ti.webp', ARRAY['dados','desenvolvedor','tecnologia']::text[], 'aprovada', null, '2026-06-08'),
  ('00000000-0000-0000-0000-e10000000001', 'Carreira', 'Programa Jovem Aprendiz do Grupo Amigão abre 60 vagas em 2026', 'Iniciativa busca formar jovens para o varejo regional, com trilha de efetivação ao fim do contrato.', 'Employer branding', '{}', null, ARRAY['vendedor','logística','aprendiz']::text[], 'pendente', null, '2026-06-09'),
  ('00000000-0000-0000-0000-e10000000002', 'Tecnologia', 'Como a Apitec automatiza a indústria do Norte do Paraná', 'Bastidores dos projetos de automação elétrica e o perfil de profissional que a empresa busca.', 'Employer branding', '{}', null, ARRAY['dados','desenvolvedor','engenharia']::text[], 'pendente', null, '2026-06-09'),
  ('00000000-0000-0000-0000-e10000000002', 'Cultura', 'Apitec é eleita uma das melhores empresas para trabalhar', 'Reconhecimento veio de pesquisa interna de clima organizacional realizada em 2026.', 'Cultura', '{}', null, ARRAY['dados','engenharia']::text[], 'reprovada', 'Faltam dados que comprovem o prêmio citado. Reenvie incluindo a fonte e o nome da pesquisa.', '2026-06-06');

insert into tribuna (autor_nome, cargo, area, tipo, titulo, lead, corpo, leituras, curtidas, comentarios, viral, radar, disponivel, publicado_em) values
  ('Marina Lopes', 'Product Designer', 'Design', 'Portfólio', 'Redesenhei o app de uma cooperativa de Maringá — e a adesão digital subiu 3x', 'Um estudo de caso completo: da pesquisa com produtores rurais à entrega final, com as decisões de design que destravaram o uso do app entre quem nunca tinha usado banco digital.', ARRAY['Quando a cooperativa me procurou, o problema parecia simples: “o app existe, mas ninguém usa”. Em duas semanas de pesquisa de campo, entrevistando produtores de soja e café do Norte do Paraná, ficou claro que o problema não era o app — era a distância entre a linguagem do produto e a realidade de quem ia usá-lo.','A primeira decisão foi abandonar a metáfora bancária. Em vez de ‘extrato’, ‘saldo disponível’ e ‘transferência’, passamos a falar em ‘o que entrou’, ‘o que dá pra usar agora’ e ‘enviar dinheiro’. Pequeno no código, enorme no comportamento.','O segundo movimento foi tornar a primeira tela útil sem login. O produtor abria o app, via a cotação do dia e o status da última entrega — antes mesmo de digitar a senha. A retomada de uso semanal saltou de 11% para 38% nos primeiros 30 dias.','O aprendizado que levo: acessibilidade não é só contraste e tamanho de fonte. É respeitar o repertório de quem usa. O melhor design é o que some — e deixa a pessoa resolver o que veio resolver.']::text[], 18400, 1240, 86, true, true, true, '2026-06-12'),
  ('Bruno Tavares', 'Engenheiro de Software', 'Tecnologia', 'Análise técnica', 'Por que migramos de microserviços de volta para um monolito — e economizamos 60% em infra', 'A história sem romantismo de uma decisão de arquitetura que contrariou o hype. O que medimos, o que deu errado e quando microserviços realmente valem a pena.', ARRAY['Em 2024 tínhamos 14 microserviços para um produto com 9 mil usuários. Pareceu moderno na hora de desenhar. Na prática, gastamos mais tempo operando a malha de serviços do que entregando funcionalidade.','A conta de infraestrutura passou de R$ 18 mil/mês. Cada deploy envolvia coordenar versões entre serviços, e um incidente simples virava caça ao fantasma entre cinco logs diferentes.','Consolidamos em um monolito modular bem organizado. Mesmo time, mesma stack, módulos com fronteiras claras. A infra caiu para R$ 7 mil/mês e o tempo médio para subir uma feature caiu pela metade.','Não é manifesto anti-microserviço. É um lembrete: arquitetura é trade-off, não tendência. Escolha pela dor que você tem, não pela palestra que você assistiu.']::text[], 24100, 1890, 212, true, true, true, '2026-06-11'),
  ('Letícia Andrade', 'Analista de Dados', 'Dados', 'Análise de mercado', 'O mapa do salário em tech no interior do Paraná: o que os dados de 2026 revelam', 'Cruzei 1.200 vagas públicas de TI da região e descobri padrões que contrariam o senso comum sobre remoto, senioridade e faixas salariais.', ARRAY['Coletei dados de 1.200 vagas de tecnologia abertas no Norte do Paraná entre janeiro e maio de 2026. A primeira surpresa: a mediana salarial do interior já é 87% da capital — contra 71% em 2023.','Vagas 100% remotas pagam, em média, 22% mais que presenciais para a mesma senioridade. Mas representam apenas 1 em cada 5 anúncios — a maioria das empresas locais ainda prefere híbrido.','O maior gargalo não é júnior nem sênior: é o pleno. Empresas disputam quem tem de 2 a 4 anos de experiência, e as faixas para esse perfil cresceram 19% em um ano.','Os dados completos e o notebook estão no meu repositório. Se você recruta na região, vale calibrar suas faixas — o mercado se moveu mais rápido do que os planos de cargos.']::text[], 15700, 980, 64, true, true, false, '2026-06-10'),
  ('Diego Moraes', 'Gerente de Operações', 'Gestão', 'Opinião', 'Demiti a reunião diária e a produtividade do time subiu. Eis o que coloquei no lugar', 'Reunião não é trabalho — é sobre o trabalho. Como reorganizei a rotina de um time de 12 pessoas em torno de assincronia e foco.', ARRAY['A daily de 15 minutos virava 40. Multiplicado por 12 pessoas e 5 dias, eram 16 horas semanais só em status. Decidi testar um mês sem ela.','No lugar, criamos um ritual assíncrono: cada pessoa escreve, até as 10h, três linhas — o que fez, o que vai fazer, onde travou. Quem precisa de ajuda marca um bloco curto e específico.','O ganho não foi só tempo. Escrever obriga a pensar; as travas viraram visíveis cedo. E quem trabalha melhor de manhã deixou de ter o foco quebrado às 9h.','Reunião boa existe — para decidir, alinhar rumo, resolver conflito. Ruim é a que poderia ser um texto. Comece cortando essa.']::text[], 9800, 720, 48, false, false, true, '2026-06-09'),
  ('Patrícia Lima', 'Redatora & Estrategista', 'Marketing', 'Tutorial', 'Escrevi 200 anúncios de vaga. Os 7 erros que afastam bons candidatos', 'A descrição da vaga é a primeira impressão da sua empresa. Um guia prático de copy para RH que quer atrair — e não espantar — talento.', ARRAY['Erro 1: a lista interminável de requisitos. Ninguém preenche 100%. Separe ‘essencial’ de ‘desejável’ e veja sua taxa de candidatura subir.','Erro 2: falar só do que a empresa quer. Inverta. Comece pelo que o candidato ganha — problema interessante, autonomia, aprendizado, faixa salarial real.','Erro 3: jargão vazio. ‘Ambiente dinâmico’ e ‘vista a camisa’ não dizem nada. Mostre um dia real do trabalho, com exemplos concretos.','O resto dos erros — e os modelos prontos que uso — estão no fim do texto. Copy de vaga é marketing: você está vendendo um lugar para a pessoa passar um terço da vida.']::text[], 13200, 1100, 73, true, false, true, '2026-06-08'),
  ('Rafael Costa', 'Engenheiro Fotovoltaico', 'Engenharia', 'Análise técnica', 'Dimensionei 40 usinas solares no Paraná: o erro de projeto que vejo em quase todas', 'Sombreamento parcial é subestimado e custa caro. Um guia visual de como o traçado dos módulos define o retorno do investimento.', ARRAY['Sombra de uma única chaminé ou árvore pode derrubar a geração de uma fileira inteira de módulos, dependendo de como o sistema foi ligado. Vejo esse erro em 7 de cada 10 projetos que audito.','A causa é quase sempre a mesma: string mal planejada. Agrupar módulos que recebem sombra em horários diferentes na mesma série penaliza todo o conjunto.','A correção custa pouco na fase de projeto e quase nada em otimizadores quando pensada cedo. Depois de instalado, vira prejuízo recorrente por 25 anos.','Anexei os diagramas de traçado que uso como referência. Engenharia solar é detalhe: o sol é de graça, mas o projeto ruim cobra caro todo mês.']::text[], 8100, 540, 39, false, true, true, '2026-06-07');
